Year,average_distance,#
2010,4.32634111714941,8162
2011,2.7904269556134853,7225
2012,37.48698144373708,6539
2013,2.8302771057584173,5851
2014,11.050910324254753,4559
2015,2.7062554193223836,6729
2016,2.717656509409668,8094
2017,4.3392329874377635,7781
2018,2.735588513251931,7414
2019,2.740826836545946,7135
2020,8.6139996337532,8496
2021,32.33734730206432,12316
2022,2.6120866796786983,10067
2023,2.5491291616911855,8951
